model,adoption_std,adoption_str,adoption_delta,moved_closer_std,moved_closer_str,moved_closer_delta
gemma3-27b-it,0.14055273547659333,0.31426959954878736,0.17371686407219403,0.1622673434856176,0.3155668358714044,0.15329949238578677
gemma4-31b-it,0.11565625176563647,0.12183972911963882,0.006183477354002348,0.08090852590541839,0.1373589164785553,0.056450390573136916
gemma4-e4b,0.12295544275239707,0.1255005922499859,0.002545149497588814,0.24743372814438805,0.2397766371481753,-0.0076570909962127565
llava-next-interleaved-7b,0.1333484137307018,0.13046523845659916,-0.002883175274102645,0.16281174008935134,0.1426069698207927,-0.02020477026855863
qwen2.5-vl-7b-instruct,0.10953186689227298,0.11015228426395939,0.000620417371686402,0.08939650310208686,0.13857868020304567,0.04918217710095882
qwen3-vl-30b-it,0.11990745965466651,0.126283135927806,0.00637567627313948,0.16318699921002144,0.12594472645234067,-0.03724227275768077
qwen3-vl-8b-instruct,0.12746756909193457,0.13751480624964746,0.010047237157712885,0.09960518894529047,0.1602459247560494,0.06064073581075893
